id,date,phase,hypothesis,asset_class,symbols,timeframe,horizon,params,entry_rule,exit_rule,cost_model,sample_train,sample_val,winrate_train,winrate_val,expectancy_R_train,expectancy_R_val,profit_factor_val,max_dd_R,sharpe_val,benchmark_bh_R,benchmark_random_R,survived,reject_reason,result_link,run_id
EX-000,2026-10-01,2,EXAMPLE ROW (delete) — RSI(14) oversold long on 1h,forex,EUR/USD,1h,swing,"rsi_len=14,os=30",close crosses up through 30,"TP=2R or 5-day hard exit; SL=1.5xATR14",spread+2bp slip+swap,0,0,,,,,,,,,,pending,,,
"rsi_rev|forex_majors|1h|swing|n=7,os=30|c1.0",2026-10-02,3,"rsi_rev(n=7,os=30)",forex_majors,forex_majors-ALL,1h,swing,"n=7,os=30",rsi_rev,SL1.5/TP3.0/swing,x1.0,584,184,31.7,35.9,-0.181,-0.0667,0.91,-26.6,-0.046,0.1,-0.257,FAIL,,,
"rsi_rev|forex_majors|4h|swing|n=7,os=30|c1.0",2026-10-02,3,"rsi_rev(n=7,os=30)",forex_majors,forex_majors-ALL,4h,swing,"n=7,os=30",rsi_rev,SL1.5/TP3.0/swing,x1.0,656,244,38.1,35.2,-0.001,-0.0809,0.88,-32.1,-0.06,1.7,-0.0534,FAIL,,,
"rsi_rev|forex_majors|1h|intraday|n=7,os=30|c1.0",2026-10-02,3,"rsi_rev(n=7,os=30)",forex_majors,forex_majors-ALL,1h,intraday,"n=7,os=30",rsi_rev,SL1.5/TP3.0/intraday,x1.0,685,227,37.4,39.6,-0.1668,-0.0702,0.86,-24.3,-0.065,0.1,-0.1982,FAIL,,,
"rsi_rev|forex_majors|4h|intraday|n=7,os=30|c1.0",2026-10-02,3,"rsi_rev(n=7,os=30)",forex_majors,forex_majors-ALL,4h,intraday,"n=7,os=30",rsi_rev,SL1.5/TP3.0/intraday,x1.0,764,282,46.6,41.1,-0.0251,-0.07,0.8,-29.6,-0.085,1.7,-0.0602,FAIL,,,
"rsi_rev|forex_majors|1h|swing|n=14,os=30|c1.0",2026-10-02,3,"rsi_rev(n=14,os=30)",forex_majors,forex_majors-ALL,1h,swing,"n=14,os=30",rsi_rev,SL1.5/TP3.0/swing,x1.0,250,90,37.2,40.0,-0.0051,0.061,1.09,-8.3,0.041,0.1,-0.1644,THIN,,,
"rsi_rev|forex_majors|4h|swing|n=14,os=30|c1.0",2026-10-02,3,"rsi_rev(n=14,os=30)",forex_majors,forex_majors-ALL,4h,swing,"n=14,os=30",rsi_rev,SL1.5/TP3.0/swing,x1.0,268,99,38.1,35.4,0.0018,-0.0699,0.89,-17.1,-0.052,1.7,-0.0521,THIN,,,
"rsi_rev|forex_majors|1h|intraday|n=14,os=30|c1.0",2026-10-02,3,"rsi_rev(n=14,os=30)",forex_majors,forex_majors-ALL,1h,intraday,"n=14,os=30",rsi_rev,SL1.5/TP3.0/intraday,x1.0,262,96,40.5,31.2,-0.0414,-0.1509,0.73,-19.7,-0.135,0.1,-0.1664,THIN,,,
"rsi_rev|forex_majors|4h|intraday|n=14,os=30|c1.0",2026-10-02,3,"rsi_rev(n=14,os=30)",forex_majors,forex_majors-ALL,4h,intraday,"n=14,os=30",rsi_rev,SL1.5/TP3.0/intraday,x1.0,289,109,39.4,41.3,-0.1097,-0.144,0.62,-22.1,-0.191,1.7,-0.047,FAIL,,,
"rsi_rev|forex_majors|1h|swing|n=14,os=20|c1.0",2026-10-02,3,"rsi_rev(n=14,os=20)",forex_majors,forex_majors-ALL,1h,swing,"n=14,os=20",rsi_rev,SL1.5/TP3.0/swing,x1.0,80,19,33.8,21.1,-0.1008,-0.5066,0.44,-14.1,-0.401,0.1,-0.3272,THIN,,,
"rsi_rev|forex_majors|4h|swing|n=14,os=20|c1.0",2026-10-02,3,"rsi_rev(n=14,os=20)",forex_majors,forex_majors-ALL,4h,swing,"n=14,os=20",rsi_rev,SL1.5/TP3.0/swing,x1.0,33,10,42.4,20.0,0.071,-0.4639,0.46,-6.6,-0.365,1.7,0.0076,THIN,,,
"rsi_rev|forex_majors|1h|intraday|n=14,os=20|c1.0",2026-10-02,3,"rsi_rev(n=14,os=20)",forex_majors,forex_majors-ALL,1h,intraday,"n=14,os=20",rsi_rev,SL1.5/TP3.0/intraday,x1.0,81,19,43.2,31.6,-0.029,-0.3984,0.42,-9.3,-0.406,0.1,-0.2004,THIN,,,
"rsi_rev|forex_majors|4h|intraday|n=14,os=20|c1.0",2026-10-02,3,"rsi_rev(n=14,os=20)",forex_majors,forex_majors-ALL,4h,intraday,"n=14,os=20",rsi_rev,SL1.5/TP3.0/intraday,x1.0,33,10,42.4,70.0,-0.0722,0.2323,2.53,-1.2,0.299,1.7,-0.0308,THIN,,,
"rsi_rev|forex_majors|1h|swing|n=21,os=30|c1.0",2026-10-02,3,"rsi_rev(n=21,os=30)",forex_majors,forex_majors-ALL,1h,swing,"n=21,os=30",rsi_rev,SL1.5/TP3.0/swing,x1.0,129,35,33.3,40.0,-0.1032,0.0536,1.08,-8.2,0.036,0.1,-0.3491,THIN,,,
"rsi_rev|forex_majors|4h|swing|n=21,os=30|c1.0",2026-10-02,3,"rsi_rev(n=21,os=30)",forex_majors,forex_majors-ALL,4h,swing,"n=21,os=30",rsi_rev,SL1.5/TP3.0/swing,x1.0,121,37,34.7,21.6,-0.0934,-0.481,0.41,-18.6,-0.431,1.7,0.0333,THIN,,,
"rsi_rev|forex_majors|1h|intraday|n=21,os=30|c1.0",2026-10-02,3,"rsi_rev(n=21,os=30)",forex_majors,forex_majors-ALL,1h,intraday,"n=21,os=30",rsi_rev,SL1.5/TP3.0/intraday,x1.0,135,35,38.5,40.0,-0.1134,-0.0259,0.95,-8.6,-0.023,0.1,-0.2468,THIN,,,
"rsi_rev|forex_majors|4h|intraday|n=21,os=30|c1.0",2026-10-02,3,"rsi_rev(n=21,os=30)",forex_majors,forex_majors-ALL,4h,intraday,"n=21,os=30",rsi_rev,SL1.5/TP3.0/intraday,x1.0,131,38,45.0,36.8,-0.055,-0.1244,0.67,-7.9,-0.146,1.7,-0.0793,THIN,,,
donch_brk|forex_majors|1h|swing|n=20|c1.0,2026-10-02,3,donch_brk(n=20),forex_majors,forex_majors-ALL,1h,swing,n=20,donch_brk,SL1.5/TP3.0/swing,x1.0,432,139,31.7,32.4,-0.1787,-0.1698,0.78,-35.3,-0.12,0.1,-0.2624,FAIL,,,
donch_brk|forex_majors|4h|swing|n=20|c1.0,2026-10-02,3,donch_brk(n=20),forex_majors,forex_majors-ALL,4h,swing,n=20,donch_brk,SL1.5/TP3.0/swing,x1.0,504,164,35.3,42.7,-0.0955,0.1182,1.21,-13.7,0.086,1.7,-0.082,PASS,,,
donch_brk|forex_majors|1h|intraday|n=20|c1.0,2026-10-02,3,donch_brk(n=20),forex_majors,forex_majors-ALL,1h,intraday,n=20,donch_brk,SL1.5/TP3.0/intraday,x1.0,509,160,36.5,39.4,-0.1557,-0.0814,0.86,-21.1,-0.068,0.1,-0.1825,FAIL,,,
donch_brk|forex_majors|4h|intraday|n=20|c1.0,2026-10-02,3,donch_brk(n=20),forex_majors,forex_majors-ALL,4h,intraday,n=20,donch_brk,SL1.5/TP3.0/intraday,x1.0,750,259,47.9,49.0,-0.0038,0.0269,1.09,-9.5,0.032,1.7,-0.0656,PASS,,,
donch_brk|forex_majors|1h|swing|n=55|c1.0,2026-10-02,3,donch_brk(n=55),forex_majors,forex_majors-ALL,1h,swing,n=55,donch_brk,SL1.5/TP3.0/swing,x1.0,286,86,31.1,29.1,-0.1948,-0.2609,0.68,-24.0,-0.19,0.1,-0.2705,THIN,,,
donch_brk|forex_majors|4h|swing|n=55|c1.0,2026-10-02,3,donch_brk(n=55),forex_majors,forex_majors-ALL,4h,swing,n=55,donch_brk,SL1.5/TP3.0/swing,x1.0,320,98,30.9,43.9,-0.2124,0.1158,1.2,-12.8,0.085,1.7,-0.0149,THIN,,,
donch_brk|forex_majors|1h|intraday|n=55|c1.0,2026-10-02,3,donch_brk(n=55),forex_majors,forex_majors-ALL,1h,intraday,n=55,donch_brk,SL1.5/TP3.0/intraday,x1.0,325,97,37.8,42.3,-0.1126,-0.067,0.87,-8.2,-0.062,0.1,-0.1855,THIN,,,
donch_brk|forex_majors|4h|intraday|n=55|c1.0,2026-10-02,3,donch_brk(n=55),forex_majors,forex_majors-ALL,4h,intraday,n=55,donch_brk,SL1.5/TP3.0/intraday,x1.0,444,152,46.8,49.3,-0.0198,0.0129,1.04,-11.2,0.016,1.7,-0.0272,PASS,,,
"ema_cross|forex_majors|1h|swing|f=20,s=50|c1.0",2026-10-02,3,"ema_cross(f=20,s=50)",forex_majors,forex_majors-ALL,1h,swing,"f=20,s=50",ema_cross,SL1.5/TP3.0/swing,x1.0,195,71,36.4,36.6,-0.0316,-0.0529,0.93,-15.5,-0.037,0.1,-0.2859,THIN,,,
"ema_cross|forex_majors|4h|swing|f=20,s=50|c1.0",2026-10-02,3,"ema_cross(f=20,s=50)",forex_majors,forex_majors-ALL,4h,swing,"f=20,s=50",ema_cross,SL1.5/TP3.0/swing,x1.0,202,71,38.6,36.6,-0.0032,-0.0398,0.94,-17.5,-0.029,1.7,-0.0388,THIN,,,
"ema_cross|forex_majors|1h|intraday|f=20,s=50|c1.0",2026-10-02,3,"ema_cross(f=20,s=50)",forex_majors,forex_majors-ALL,1h,intraday,"f=20,s=50",ema_cross,SL1.5/TP3.0/intraday,x1.0,197,73,42.1,49.3,0.045,0.0712,1.18,-4.7,0.066,0.1,-0.1925,THIN,,,
"ema_cross|forex_majors|4h|intraday|f=20,s=50|c1.0",2026-10-02,3,"ema_cross(f=20,s=50)",forex_majors,forex_majors-ALL,4h,intraday,"f=20,s=50",ema_cross,SL1.5/TP3.0/intraday,x1.0,204,71,47.5,50.7,0.0028,0.035,1.13,-4.6,0.044,1.7,-0.0747,THIN,,,
"ema_cross|forex_majors|1h|swing|f=50,s=200|c1.0",2026-10-02,3,"ema_cross(f=50,s=200)",forex_majors,forex_majors-ALL,1h,swing,"f=50,s=200",ema_cross,SL1.5/TP3.0/swing,x1.0,58,20,27.6,20.0,-0.3249,-0.5193,0.42,-12.7,-0.42,0.1,-0.2516,THIN,,,
"ema_cross|forex_majors|4h|swing|f=50,s=200|c1.0",2026-10-02,3,"ema_cross(f=50,s=200)",forex_majors,forex_majors-ALL,4h,swing,"f=50,s=200",ema_cross,SL1.5/TP3.0/swing,x1.0,61,20,41.0,40.0,0.0895,0.0646,1.11,-8.4,0.045,1.7,0.0292,THIN,,,
"ema_cross|forex_majors|1h|intraday|f=50,s=200|c1.0",2026-10-02,3,"ema_cross(f=50,s=200)",forex_majors,forex_majors-ALL,1h,intraday,"f=50,s=200",ema_cross,SL1.5/TP3.0/intraday,x1.0,59,20,32.2,25.0,-0.0345,-0.1951,0.58,-7.1,-0.209,0.1,-0.1958,THIN,,,
"ema_cross|forex_majors|4h|intraday|f=50,s=200|c1.0",2026-10-02,3,"ema_cross(f=50,s=200)",forex_majors,forex_majors-ALL,4h,intraday,"f=50,s=200",ema_cross,SL1.5/TP3.0/intraday,x1.0,61,20,49.2,50.0,0.0446,0.1311,1.8,-1.8,0.198,1.7,-0.0459,THIN,,,
"zscore_rev|forex_majors|1h|swing|n=20,z=2.0|c1.0",2026-10-02,3,"zscore_rev(n=20,z=2.0)",forex_majors,forex_majors-ALL,1h,swing,"n=20,z=2.0",zscore_rev,SL1.5/TP3.0/swing,x1.0,539,179,32.8,34.6,-0.1457,-0.1123,0.85,-38.5,-0.078,0.1,-0.2653,FAIL,,,
"zscore_rev|forex_majors|4h|swing|n=20,z=2.0|c1.0",2026-10-02,3,"zscore_rev(n=20,z=2.0)",forex_majors,forex_majors-ALL,4h,swing,"n=20,z=2.0",zscore_rev,SL1.5/TP3.0/swing,x1.0,528,196,39.2,34.7,0.0493,-0.0753,0.89,-25.0,-0.055,1.7,-0.1099,FAIL,,,
"zscore_rev|forex_majors|1h|intraday|n=20,z=2.0|c1.0",2026-10-02,3,"zscore_rev(n=20,z=2.0)",forex_majors,forex_majors-ALL,1h,intraday,"n=20,z=2.0",zscore_rev,SL1.5/TP3.0/intraday,x1.0,622,220,35.9,38.2,-0.2106,-0.1435,0.72,-42.6,-0.138,0.1,-0.1545,FAIL,,,
"zscore_rev|forex_majors|4h|intraday|n=20,z=2.0|c1.0",2026-10-02,3,"zscore_rev(n=20,z=2.0)",forex_majors,forex_majors-ALL,4h,intraday,"n=20,z=2.0",zscore_rev,SL1.5/TP3.0/intraday,x1.0,560,210,45.2,45.7,-0.0183,-0.0316,0.91,-15.8,-0.038,1.7,-0.0438,FAIL,,,
"zscore_rev|forex_majors|1h|swing|n=20,z=2.5|c1.0",2026-10-02,3,"zscore_rev(n=20,z=2.5)",forex_majors,forex_majors-ALL,1h,swing,"n=20,z=2.5",zscore_rev,SL1.5/TP3.0/swing,x1.0,340,115,34.1,33.0,-0.1175,-0.1722,0.78,-36.7,-0.121,0.1,-0.24,FAIL,,,
"zscore_rev|forex_majors|4h|swing|n=20,z=2.5|c1.0",2026-10-02,3,"zscore_rev(n=20,z=2.5)",forex_majors,forex_majors-ALL,4h,swing,"n=20,z=2.5",zscore_rev,SL1.5/TP3.0/swing,x1.0,269,114,35.7,30.7,-0.0421,-0.1962,0.72,-26.4,-0.151,1.7,-0.0647,FAIL,,,
"zscore_rev|forex_majors|1h|intraday|n=20,z=2.5|c1.0",2026-10-02,3,"zscore_rev(n=20,z=2.5)",forex_majors,forex_majors-ALL,1h,intraday,"n=20,z=2.5",zscore_rev,SL1.5/TP3.0/intraday,x1.0,363,137,38.8,41.6,-0.1531,-0.1495,0.74,-31.9,-0.131,0.1,-0.1585,FAIL,,,
"zscore_rev|forex_majors|4h|intraday|n=20,z=2.5|c1.0",2026-10-02,3,"zscore_rev(n=20,z=2.5)",forex_majors,forex_majors-ALL,4h,intraday,"n=20,z=2.5",zscore_rev,SL1.5/TP3.0/intraday,x1.0,275,116,42.2,40.5,-0.0379,-0.0978,0.73,-13.4,-0.122,1.7,-0.0424,FAIL,,,
"zscore_rev|forex_majors|1h|swing|n=50,z=2.0|c1.0",2026-10-02,3,"zscore_rev(n=50,z=2.0)",forex_majors,forex_majors-ALL,1h,swing,"n=50,z=2.0",zscore_rev,SL1.5/TP3.0/swing,x1.0,369,122,32.5,43.4,-0.1432,0.1649,1.26,-10.4,0.11,0.1,-0.2377,PASS,,,
"zscore_rev|forex_majors|4h|swing|n=50,z=2.0|c1.0",2026-10-02,3,"zscore_rev(n=50,z=2.0)",forex_majors,forex_majors-ALL,4h,swing,"n=50,z=2.0",zscore_rev,SL1.5/TP3.0/swing,x1.0,359,123,40.7,33.3,0.0547,-0.1166,0.83,-19.6,-0.088,1.7,-0.0618,FAIL,,,
"zscore_rev|forex_majors|1h|intraday|n=50,z=2.0|c1.0",2026-10-02,3,"zscore_rev(n=50,z=2.0)",forex_majors,forex_majors-ALL,1h,intraday,"n=50,z=2.0",zscore_rev,SL1.5/TP3.0/intraday,x1.0,399,136,38.3,41.9,-0.1008,0.0143,1.03,-5.8,0.013,0.1,-0.1186,PASS,,,
"zscore_rev|forex_majors|4h|intraday|n=50,z=2.0|c1.0",2026-10-02,3,"zscore_rev(n=50,z=2.0)",forex_majors,forex_majors-ALL,4h,intraday,"n=50,z=2.0",zscore_rev,SL1.5/TP3.0/intraday,x1.0,390,135,45.9,43.7,-0.0319,-0.0747,0.77,-11.0,-0.101,1.7,-0.0451,FAIL,,,
"rsi_rev|forex_crosses|1h|swing|n=7,os=30|c1.0",2026-10-02,3,"rsi_rev(n=7,os=30)",forex_crosses,forex_crosses-ALL,1h,swing,"n=7,os=30",rsi_rev,SL1.5/TP3.0/swing,x1.0,515,165,29.7,30.9,-0.3547,-0.3428,0.61,-60.3,-0.248,-0.3,-0.4295,FAIL,,,
"rsi_rev|forex_crosses|4h|swing|n=7,os=30|c1.0",2026-10-02,3,"rsi_rev(n=7,os=30)",forex_crosses,forex_crosses-ALL,4h,swing,"n=7,os=30",rsi_rev,SL1.5/TP3.0/swing,x1.0,653,214,32.3,38.8,-0.2341,-0.0862,0.87,-29.7,-0.067,7.4,-0.1843,FAIL,,,
"rsi_rev|forex_crosses|1h|intraday|n=7,os=30|c1.0",2026-10-02,3,"rsi_rev(n=7,os=30)",forex_crosses,forex_crosses-ALL,1h,intraday,"n=7,os=30",rsi_rev,SL1.5/TP3.0/intraday,x1.0,616,203,32.0,34.0,-0.3201,-0.2734,0.52,-60.7,-0.273,-0.3,-0.2445,FAIL,,,
"rsi_rev|forex_crosses|4h|intraday|n=7,os=30|c1.0",2026-10-02,3,"rsi_rev(n=7,os=30)",forex_crosses,forex_crosses-ALL,4h,intraday,"n=7,os=30",rsi_rev,SL1.5/TP3.0/intraday,x1.0,773,250,44.0,38.0,-0.0597,-0.0934,0.69,-26.1,-0.138,7.4,-0.056,FAIL,,,
"rsi_rev|forex_crosses|1h|swing|n=14,os=30|c1.0",2026-10-02,3,"rsi_rev(n=14,os=30)",forex_crosses,forex_crosses-ALL,1h,swing,"n=14,os=30",rsi_rev,SL1.5/TP3.0/swing,x1.0,241,73,32.4,35.6,-0.2448,-0.1804,0.77,-16.0,-0.125,-0.3,-0.4213,THIN,,,
"rsi_rev|forex_crosses|4h|swing|n=14,os=30|c1.0",2026-10-02,3,"rsi_rev(n=14,os=30)",forex_crosses,forex_crosses-ALL,4h,swing,"n=14,os=30",rsi_rev,SL1.5/TP3.0/swing,x1.0,209,67,28.2,34.3,-0.3136,-0.1012,0.84,-10.4,-0.078,7.4,-0.2446,THIN,,,
"rsi_rev|forex_crosses|1h|intraday|n=14,os=30|c1.0",2026-10-02,3,"rsi_rev(n=14,os=30)",forex_crosses,forex_crosses-ALL,1h,intraday,"n=14,os=30",rsi_rev,SL1.5/TP3.0/intraday,x1.0,258,76,32.9,38.2,-0.2969,-0.1712,0.67,-13.5,-0.168,-0.3,-0.2555,THIN,,,
"rsi_rev|forex_crosses|4h|intraday|n=14,os=30|c1.0",2026-10-02,3,"rsi_rev(n=14,os=30)",forex_crosses,forex_crosses-ALL,4h,intraday,"n=14,os=30",rsi_rev,SL1.5/TP3.0/intraday,x1.0,226,69,38.9,37.7,-0.1309,-0.0622,0.8,-8.9,-0.084,7.4,-0.104,THIN,,,
"rsi_rev|forex_crosses|1h|swing|n=14,os=20|c1.0",2026-10-02,3,"rsi_rev(n=14,os=20)",forex_crosses,forex_crosses-ALL,1h,swing,"n=14,os=20",rsi_rev,SL1.5/TP3.0/swing,x1.0,65,20,35.4,35.0,-0.1512,-0.1932,0.76,-5.1,-0.134,-0.3,-0.2991,THIN,,,
"rsi_rev|forex_crosses|4h|swing|n=14,os=20|c1.0",2026-10-02,3,"rsi_rev(n=14,os=20)",forex_crosses,forex_crosses-ALL,4h,swing,"n=14,os=20",rsi_rev,SL1.5/TP3.0/swing,x1.0,25,3,44.0,33.3,0.0456,0.0891,1.18,-1.5,0.059,7.4,0.0316,THIN,,,
"rsi_rev|forex_crosses|1h|intraday|n=14,os=20|c1.0",2026-10-02,3,"rsi_rev(n=14,os=20)",forex_crosses,forex_crosses-ALL,1h,intraday,"n=14,os=20",rsi_rev,SL1.5/TP3.0/intraday,x1.0,67,20,41.8,35.0,-0.0363,-0.3668,0.38,-8.5,-0.39,-0.3,-0.2343,THIN,,,
"rsi_rev|forex_crosses|4h|intraday|n=14,os=20|c1.0",2026-10-02,3,"rsi_rev(n=14,os=20)",forex_crosses,forex_crosses-ALL,4h,intraday,"n=14,os=20",rsi_rev,SL1.5/TP3.0/intraday,x1.0,25,3,52.0,0.0,-0.0119,-0.2369,0.0,-0.7,-1.049,7.4,-0.053,THIN,,,
"rsi_rev|forex_crosses|1h|swing|n=21,os=30|c1.0",2026-10-02,3,"rsi_rev(n=21,os=30)",forex_crosses,forex_crosses-ALL,1h,swing,"n=21,os=30",rsi_rev,SL1.5/TP3.0/swing,x1.0,126,33,36.5,42.4,-0.106,0.059,1.09,-8.0,0.04,-0.3,-0.2489,THIN,,,
"rsi_rev|forex_crosses|4h|swing|n=21,os=30|c1.0",2026-10-02,3,"rsi_rev(n=21,os=30)",forex_crosses,forex_crosses-ALL,4h,swing,"n=21,os=30",rsi_rev,SL1.5/TP3.0/swing,x1.0,77,25,26.0,40.0,-0.3825,0.1215,1.22,-3.9,0.088,7.4,-0.0426,THIN,,,
"rsi_rev|forex_crosses|1h|intraday|n=21,os=30|c1.0",2026-10-02,3,"rsi_rev(n=21,os=30)",forex_crosses,forex_crosses-ALL,1h,intraday,"n=21,os=30",rsi_rev,SL1.5/TP3.0/intraday,x1.0,133,34,32.3,55.9,-0.2189,0.1677,1.4,-6.1,0.145,-0.3,-0.2276,THIN,,,
"rsi_rev|forex_crosses|4h|intraday|n=21,os=30|c1.0",2026-10-02,3,"rsi_rev(n=21,os=30)",forex_crosses,forex_crosses-ALL,4h,intraday,"n=21,os=30",rsi_rev,SL1.5/TP3.0/intraday,x1.0,81,26,35.8,34.6,-0.1762,-0.1845,0.48,-4.9,-0.284,7.4,-0.0323,THIN,,,
donch_brk|forex_crosses|1h|swing|n=20|c1.0,2026-10-02,3,donch_brk(n=20),forex_crosses,forex_crosses-ALL,1h,swing,n=20,donch_brk,SL1.5/TP3.0/swing,x1.0,399,117,27.3,31.6,-0.4247,-0.3144,0.64,-44.4,-0.222,-0.3,-0.3806,FAIL,,,
donch_brk|forex_crosses|4h|swing|n=20|c1.0,2026-10-02,3,donch_brk(n=20),forex_crosses,forex_crosses-ALL,4h,swing,n=20,donch_brk,SL1.5/TP3.0/swing,x1.0,517,147,38.3,34.7,-0.0568,-0.1411,0.8,-30.8,-0.105,7.4,-0.2309,FAIL,,,
donch_brk|forex_crosses|1h|intraday|n=20|c1.0,2026-10-02,3,donch_brk(n=20),forex_crosses,forex_crosses-ALL,1h,intraday,n=20,donch_brk,SL1.5/TP3.0/intraday,x1.0,476,136,31.9,36.0,-0.3383,-0.1449,0.75,-27.7,-0.124,-0.3,-0.2921,FAIL,,,
donch_brk|forex_crosses|4h|intraday|n=20|c1.0,2026-10-02,3,donch_brk(n=20),forex_crosses,forex_crosses-ALL,4h,intraday,n=20,donch_brk,SL1.5/TP3.0/intraday,x1.0,788,234,48.0,42.7,-0.0176,-0.0632,0.8,-26.7,-0.087,7.4,-0.0879,FAIL,,,
donch_brk|forex_crosses|1h|swing|n=55|c1.0,2026-10-02,3,donch_brk(n=55),forex_crosses,forex_crosses-ALL,1h,swing,n=55,donch_brk,SL1.5/TP3.0/swing,x1.0,242,81,28.5,33.3,-0.3804,-0.2569,0.69,-20.9,-0.179,-0.3,-0.4731,THIN,,,
donch_brk|forex_crosses|4h|swing|n=55|c1.0,2026-10-02,3,donch_brk(n=55),forex_crosses,forex_crosses-ALL,4h,swing,n=55,donch_brk,SL1.5/TP3.0/swing,x1.0,334,95,37.7,27.4,-0.0764,-0.315,0.6,-30.7,-0.245,7.4,-0.0958,THIN,,,
donch_brk|forex_crosses|1h|intraday|n=55|c1.0,2026-10-02,3,donch_brk(n=55),forex_crosses,forex_crosses-ALL,1h,intraday,n=55,donch_brk,SL1.5/TP3.0/intraday,x1.0,285,93,36.8,35.5,-0.2242,-0.1749,0.71,-22.0,-0.15,-0.3,-0.2129,THIN,,,
donch_brk|forex_crosses|4h|intraday|n=55|c1.0,2026-10-02,3,donch_brk(n=55),forex_crosses,forex_crosses-ALL,4h,intraday,n=55,donch_brk,SL1.5/TP3.0/intraday,x1.0,494,144,50.0,42.4,0.0014,-0.0825,0.74,-20.1,-0.119,7.4,-0.1009,FAIL,,,
"ema_cross|forex_crosses|1h|swing|f=20,s=50|c1.0",2026-10-02,3,"ema_cross(f=20,s=50)",forex_crosses,forex_crosses-ALL,1h,swing,"f=20,s=50",ema_cross,SL1.5/TP3.0/swing,x1.0,202,66,33.7,31.8,-0.2408,-0.3086,0.64,-27.7,-0.222,-0.3,-0.3824,THIN,,,
"ema_cross|forex_crosses|4h|swing|f=20,s=50|c1.0",2026-10-02,3,"ema_cross(f=20,s=50)",forex_crosses,forex_crosses-ALL,4h,swing,"f=20,s=50",ema_cross,SL1.5/TP3.0/swing,x1.0,203,62,38.4,43.5,-0.0479,0.0415,1.06,-13.7,0.029,7.4,-0.184,THIN,,,
"ema_cross|forex_crosses|1h|intraday|f=20,s=50|c1.0",2026-10-02,3,"ema_cross(f=20,s=50)",forex_crosses,forex_crosses-ALL,1h,intraday,"f=20,s=50",ema_cross,SL1.5/TP3.0/intraday,x1.0,213,69,39.4,36.2,-0.1344,-0.32,0.52,-25.4,-0.292,-0.3,-0.2981,THIN,,,
"ema_cross|forex_crosses|4h|intraday|f=20,s=50|c1.0",2026-10-02,3,"ema_cross(f=20,s=50)",forex_crosses,forex_crosses-ALL,4h,intraday,"f=20,s=50",ema_cross,SL1.5/TP3.0/intraday,x1.0,203,63,43.8,52.4,-0.0437,0.0594,1.24,-5.3,0.083,7.4,-0.0881,THIN,,,
"ema_cross|forex_crosses|1h|swing|f=50,s=200|c1.0",2026-10-02,3,"ema_cross(f=50,s=200)",forex_crosses,forex_crosses-ALL,1h,swing,"f=50,s=200",ema_cross,SL1.5/TP3.0/swing,x1.0,69,19,33.3,52.6,-0.2554,0.2826,1.46,-5.5,0.182,-0.3,-0.5148,THIN,,,
"ema_cross|forex_crosses|4h|swing|f=50,s=200|c1.0",2026-10-02,3,"ema_cross(f=50,s=200)",forex_crosses,forex_crosses-ALL,4h,swing,"f=50,s=200",ema_cross,SL1.5/TP3.0/swing,x1.0,55,19,43.6,26.3,0.1746,-0.3014,0.62,-7.7,-0.222,7.4,-0.1816,THIN,,,
"ema_cross|forex_crosses|1h|intraday|f=50,s=200|c1.0",2026-10-02,3,"ema_cross(f=50,s=200)",forex_crosses,forex_crosses-ALL,1h,intraday,"f=50,s=200",ema_cross,SL1.5/TP3.0/intraday,x1.0,70,19,41.4,42.1,-0.0911,0.0965,1.21,-4.5,0.079,-0.3,-0.3451,THIN,,,
"ema_cross|forex_crosses|4h|intraday|f=50,s=200|c1.0",2026-10-02,3,"ema_cross(f=50,s=200)",forex_crosses,forex_crosses-ALL,4h,intraday,"f=50,s=200",ema_cross,SL1.5/TP3.0/intraday,x1.0,55,19,50.9,42.1,0.06,-0.0044,0.98,-1.6,-0.006,7.4,-0.092,THIN,,,
"zscore_rev|forex_crosses|1h|swing|n=20,z=2.0|c1.0",2026-10-02,3,"zscore_rev(n=20,z=2.0)",forex_crosses,forex_crosses-ALL,1h,swing,"n=20,z=2.0",zscore_rev,SL1.5/TP3.0/swing,x1.0,490,165,31.2,26.1,-0.3114,-0.4876,0.48,-82.8,-0.368,-0.3,-0.3596,FAIL,,,
"zscore_rev|forex_crosses|4h|swing|n=20,z=2.0|c1.0",2026-10-02,3,"zscore_rev(n=20,z=2.0)",forex_crosses,forex_crosses-ALL,4h,swing,"n=20,z=2.0",zscore_rev,SL1.5/TP3.0/swing,x1.0,517,163,34.4,41.7,-0.1559,-0.002,1.0,-15.9,-0.002,7.4,-0.2382,FAIL,,,
"zscore_rev|forex_crosses|1h|intraday|n=20,z=2.0|c1.0",2026-10-02,3,"zscore_rev(n=20,z=2.0)",forex_crosses,forex_crosses-ALL,1h,intraday,"n=20,z=2.0",zscore_rev,SL1.5/TP3.0/intraday,x1.0,571,201,32.6,28.4,-0.3251,-0.3851,0.37,-80.4,-0.412,-0.3,-0.2988,FAIL,,,
"zscore_rev|forex_crosses|4h|intraday|n=20,z=2.0|c1.0",2026-10-02,3,"zscore_rev(n=20,z=2.0)",forex_crosses,forex_crosses-ALL,4h,intraday,"n=20,z=2.0",zscore_rev,SL1.5/TP3.0/intraday,x1.0,554,174,40.1,47.7,-0.0871,-0.0055,0.98,-6.5,-0.008,7.4,-0.1104,FAIL,,,
"zscore_rev|forex_crosses|1h|swing|n=20,z=2.5|c1.0",2026-10-02,3,"zscore_rev(n=20,z=2.5)",forex_crosses,forex_crosses-ALL,1h,swing,"n=20,z=2.5",zscore_rev,SL1.5/TP3.0/swing,x1.0,335,114,32.8,36.0,-0.265,-0.1911,0.76,-26.4,-0.133,-0.3,-0.3837,FAIL,,,
"zscore_rev|forex_crosses|4h|swing|n=20,z=2.5|c1.0",2026-10-02,3,"zscore_rev(n=20,z=2.5)",forex_crosses,forex_crosses-ALL,4h,swing,"n=20,z=2.5",zscore_rev,SL1.5/TP3.0/swing,x1.0,222,99,34.2,35.4,-0.1537,-0.1458,0.79,-17.2,-0.11,7.4,-0.2146,THIN,,,
"zscore_rev|forex_crosses|1h|intraday|n=20,z=2.5|c1.0",2026-10-02,3,"zscore_rev(n=20,z=2.5)",forex_crosses,forex_crosses-ALL,1h,intraday,"n=20,z=2.5",zscore_rev,SL1.5/TP3.0/intraday,x1.0,363,135,32.5,35.6,-0.2872,-0.2365,0.57,-33.8,-0.235,-0.3,-0.2862,FAIL,,,
"zscore_rev|forex_crosses|4h|intraday|n=20,z=2.5|c1.0",2026-10-02,3,"zscore_rev(n=20,z=2.5)",forex_crosses,forex_crosses-ALL,4h,intraday,"n=20,z=2.5",zscore_rev,SL1.5/TP3.0/intraday,x1.0,227,102,38.8,37.3,-0.099,-0.1196,0.65,-14.9,-0.159,7.4,-0.0931,FAIL,,,
"zscore_rev|forex_crosses|1h|swing|n=50,z=2.0|c1.0",2026-10-02,3,"zscore_rev(n=50,z=2.0)",forex_crosses,forex_crosses-ALL,1h,swing,"n=50,z=2.0",zscore_rev,SL1.5/TP3.0/swing,x1.0,345,114,29.9,36.0,-0.3387,-0.1729,0.78,-27.2,-0.121,-0.3,-0.3892,FAIL,,,
"zscore_rev|forex_crosses|4h|swing|n=50,z=2.0|c1.0",2026-10-02,3,"zscore_rev(n=50,z=2.0)",forex_crosses,forex_crosses-ALL,4h,swing,"n=50,z=2.0",zscore_rev,SL1.5/TP3.0/swing,x1.0,343,112,34.4,39.3,-0.1432,-0.0437,0.93,-12.5,-0.034,7.4,-0.2579,FAIL,,,
"zscore_rev|forex_crosses|1h|intraday|n=50,z=2.0|c1.0",2026-10-02,3,"zscore_rev(n=50,z=2.0)",forex_crosses,forex_crosses-ALL,1h,intraday,"n=50,z=2.0",zscore_rev,SL1.5/TP3.0/intraday,x1.0,389,124,33.4,37.1,-0.284,-0.1679,0.63,-24.4,-0.179,-0.3,-0.2606,FAIL,,,
"zscore_rev|forex_crosses|4h|intraday|n=50,z=2.0|c1.0",2026-10-02,3,"zscore_rev(n=50,z=2.0)",forex_crosses,forex_crosses-ALL,4h,intraday,"n=50,z=2.0",zscore_rev,SL1.5/TP3.0/intraday,x1.0,382,130,44.2,42.3,-0.0615,-0.0636,0.78,-14.2,-0.092,7.4,-0.0929,FAIL,,,
"rsi_rev|metals|1h|swing|n=7,os=30|c1.0",2026-10-02,3,"rsi_rev(n=7,os=30)",metals,metals-ALL,1h,swing,"n=7,os=30",rsi_rev,SL1.5/TP3.0/swing,x1.0,330,91,28.2,33.0,-0.2305,-0.0594,0.92,-13.8,-0.041,49.9,-0.1376,THIN,,,
"rsi_rev|metals|4h|swing|n=7,os=30|c1.0",2026-10-02,3,"rsi_rev(n=7,os=30)",metals,metals-ALL,4h,swing,"n=7,os=30",rsi_rev,SL1.5/TP3.0/swing,x1.0,135,44,44.4,47.7,0.1903,0.2005,1.39,-5.1,0.15,110.8,0.1226,THIN,,,
"rsi_rev|metals|1h|intraday|n=7,os=30|c1.0",2026-10-02,3,"rsi_rev(n=7,os=30)",metals,metals-ALL,1h,intraday,"n=7,os=30",rsi_rev,SL1.5/TP3.0/intraday,x1.0,377,114,40.3,41.2,-0.2083,-0.0658,0.87,-22.6,-0.059,49.9,-0.0933,FAIL,,,
"rsi_rev|metals|4h|intraday|n=7,os=30|c1.0",2026-10-02,3,"rsi_rev(n=7,os=30)",metals,metals-ALL,4h,intraday,"n=7,os=30",rsi_rev,SL1.5/TP3.0/intraday,x1.0,157,52,56.1,53.8,0.0392,-0.0296,0.89,-4.1,-0.047,110.8,0.0489,THIN,,,
"rsi_rev|metals|1h|swing|n=14,os=30|c1.0",2026-10-02,3,"rsi_rev(n=14,os=30)",metals,metals-ALL,1h,swing,"n=14,os=30",rsi_rev,SL1.5/TP3.0/swing,x1.0,140,38,32.1,31.6,-0.1213,-0.0738,0.89,-10.8,-0.053,49.9,-0.2655,THIN,,,
"rsi_rev|metals|4h|swing|n=14,os=30|c1.0",2026-10-02,3,"rsi_rev(n=14,os=30)",metals,metals-ALL,4h,swing,"n=14,os=30",rsi_rev,SL1.5/TP3.0/swing,x1.0,44,17,50.0,47.1,0.324,0.0314,1.06,-4.1,0.024,110.8,0.0685,THIN,,,
"rsi_rev|metals|1h|intraday|n=14,os=30|c1.0",2026-10-02,3,"rsi_rev(n=14,os=30)",metals,metals-ALL,1h,intraday,"n=14,os=30",rsi_rev,SL1.5/TP3.0/intraday,x1.0,144,41,45.1,48.8,-0.1252,0.1639,1.38,-4.8,0.14,49.9,-0.14,THIN,,,
"rsi_rev|metals|4h|intraday|n=14,os=30|c1.0",2026-10-02,3,"rsi_rev(n=14,os=30)",metals,metals-ALL,4h,intraday,"n=14,os=30",rsi_rev,SL1.5/TP3.0/intraday,x1.0,47,18,57.4,44.4,0.1584,-0.1886,0.48,-4.2,-0.282,110.8,0.0129,THIN,,,
"rsi_rev|metals|1h|swing|n=14,os=20|c1.0",2026-10-02,3,"rsi_rev(n=14,os=20)",metals,metals-ALL,1h,swing,"n=14,os=20",rsi_rev,SL1.5/TP3.0/swing,x1.0,45,7,35.6,57.1,0.0022,0.639,2.44,-2.0,0.408,49.9,-0.1785,THIN,,,
"rsi_rev|metals|4h|swing|n=14,os=20|c1.0",2026-10-02,3,"rsi_rev(n=14,os=20)",metals,metals-ALL,4h,swing,"n=14,os=20",rsi_rev,SL1.5/TP3.0/swing,x1.0,10,5,40.0,20.0,0.0711,-0.4236,0.48,-2.0,-0.315,110.8,0.0992,THIN,,,
"rsi_rev|metals|1h|intraday|n=14,os=20|c1.0",2026-10-02,3,"rsi_rev(n=14,os=20)",metals,metals-ALL,1h,intraday,"n=14,os=20",rsi_rev,SL1.5/TP3.0/intraday,x1.0,46,7,45.7,42.9,0.0097,0.2467,1.55,-2.0,0.183,49.9,-0.0849,THIN,,,
"rsi_rev|metals|4h|intraday|n=14,os=20|c1.0",2026-10-02,3,"rsi_rev(n=14,os=20)",metals,metals-ALL,4h,intraday,"n=14,os=20",rsi_rev,SL1.5/TP3.0/intraday,x1.0,10,5,30.0,60.0,-0.2636,-0.0507,0.75,-1.0,-0.086,110.8,-0.0284,THIN,,,
"rsi_rev|metals|1h|swing|n=21,os=30|c1.0",2026-10-02,3,"rsi_rev(n=21,os=30)",metals,metals-ALL,1h,swing,"n=21,os=30",rsi_rev,SL1.5/TP3.0/swing,x1.0,78,14,24.4,50.0,-0.3586,0.4479,1.87,-4.0,0.291,49.9,-0.0655,THIN,,,
"rsi_rev|metals|4h|swing|n=21,os=30|c1.0",2026-10-02,3,"rsi_rev(n=21,os=30)",metals,metals-ALL,4h,swing,"n=21,os=30",rsi_rev,SL1.5/TP3.0/swing,x1.0,12,8,41.7,37.5,0.175,-0.1195,0.81,-3.0,-0.088,110.8,0.1024,THIN,,,
"rsi_rev|metals|1h|intraday|n=21,os=30|c1.0",2026-10-02,3,"rsi_rev(n=21,os=30)",metals,metals-ALL,1h,intraday,"n=21,os=30",rsi_rev,SL1.5/TP3.0/intraday,x1.0,82,14,31.7,57.1,-0.3274,0.6075,3.08,-2.4,0.487,49.9,-0.0449,THIN,,,
"rsi_rev|metals|4h|intraday|n=21,os=30|c1.0",2026-10-02,3,"rsi_rev(n=21,os=30)",metals,metals-ALL,4h,intraday,"n=21,os=30",rsi_rev,SL1.5/TP3.0/intraday,x1.0,13,8,38.5,75.0,0.0386,0.0512,1.4,-1.0,0.104,110.8,-0.0326,THIN,,,
donch_brk|metals|1h|swing|n=20|c1.0,2026-10-02,3,donch_brk(n=20),metals,metals-ALL,1h,swing,n=20,donch_brk,SL1.5/TP3.0/swing,x1.0,269,92,27.5,43.5,-0.2377,0.2573,1.43,-5.3,0.171,49.9,-0.1764,THIN,,,
donch_brk|metals|4h|swing|n=20|c1.0,2026-10-02,3,donch_brk(n=20),metals,metals-ALL,4h,swing,n=20,donch_brk,SL1.5/TP3.0/swing,x1.0,155,65,47.7,43.1,0.3138,0.2388,1.41,-6.2,0.162,110.8,0.0898,THIN,,,
donch_brk|metals|1h|intraday|n=20|c1.0,2026-10-02,3,donch_brk(n=20),metals,metals-ALL,1h,intraday,n=20,donch_brk,SL1.5/TP3.0/intraday,x1.0,311,121,39.2,48.8,-0.1462,0.0927,1.2,-9.1,0.078,49.9,-0.0725,PASS,,,
donch_brk|metals|4h|intraday|n=20|c1.0,2026-10-02,3,donch_brk(n=20),metals,metals-ALL,4h,intraday,n=20,donch_brk,SL1.5/TP3.0/intraday,x1.0,240,87,54.2,56.3,0.1626,0.1878,1.58,-4.9,0.188,110.8,0.0434,THIN,,,
donch_brk|metals|1h|swing|n=55|c1.0,2026-10-02,3,donch_brk(n=55),metals,metals-ALL,1h,swing,n=55,donch_brk,SL1.5/TP3.0/swing,x1.0,157,73,28.0,45.2,-0.2106,0.3165,1.56,-5.7,0.211,49.9,-0.1601,THIN,,,
donch_brk|metals|4h|swing|n=55|c1.0,2026-10-02,3,donch_brk(n=55),metals,metals-ALL,4h,swing,n=55,donch_brk,SL1.5/TP3.0/swing,x1.0,107,47,44.9,51.1,0.257,0.4714,1.94,-5.3,0.315,110.8,0.2263,THIN,,,
donch_brk|metals|1h|intraday|n=55|c1.0,2026-10-02,3,donch_brk(n=55),metals,metals-ALL,1h,intraday,n=55,donch_brk,SL1.5/TP3.0/intraday,x1.0,182,92,41.2,47.8,-0.0947,0.0742,1.15,-5.3,0.062,49.9,-0.1469,THIN,,,
donch_brk|metals|4h|intraday|n=55|c1.0,2026-10-02,3,donch_brk(n=55),metals,metals-ALL,4h,intraday,n=55,donch_brk,SL1.5/TP3.0/intraday,x1.0,172,68,53.5,55.9,0.0708,0.1625,1.49,-3.2,0.16,110.8,0.0323,THIN,,,
"ema_cross|metals|1h|swing|f=20,s=50|c1.0",2026-10-02,3,"ema_cross(f=20,s=50)",metals,metals-ALL,1h,swing,"f=20,s=50",ema_cross,SL1.5/TP3.0/swing,x1.0,100,31,33.0,32.3,-0.061,-0.0916,0.87,-5.2,-0.064,49.9,-0.0293,THIN,,,
"ema_cross|metals|4h|swing|f=20,s=50|c1.0",2026-10-02,3,"ema_cross(f=20,s=50)",metals,metals-ALL,4h,swing,"f=20,s=50",ema_cross,SL1.5/TP3.0/swing,x1.0,48,13,45.8,53.8,0.1928,0.4708,2.0,-2.1,0.316,110.8,0.1367,THIN,,,
"ema_cross|metals|1h|intraday|f=20,s=50|c1.0",2026-10-02,3,"ema_cross(f=20,s=50)",metals,metals-ALL,1h,intraday,"f=20,s=50",ema_cross,SL1.5/TP3.0/intraday,x1.0,100,31,39.0,45.2,-0.0364,0.0613,1.15,-4.0,0.058,49.9,-0.0277,THIN,,,
"ema_cross|metals|4h|intraday|f=20,s=50|c1.0",2026-10-02,3,"ema_cross(f=20,s=50)",metals,metals-ALL,4h,intraday,"f=20,s=50",ema_cross,SL1.5/TP3.0/intraday,x1.0,48,13,56.2,76.9,0.1345,0.2939,2.86,-1.5,0.385,110.8,0.0757,THIN,,,
"ema_cross|metals|1h|swing|f=50,s=200|c1.0",2026-10-02,3,"ema_cross(f=50,s=200)",metals,metals-ALL,1h,swing,"f=50,s=200",ema_cross,SL1.5/TP3.0/swing,x1.0,30,11,40.0,36.4,0.1466,0.044,1.07,-4.2,0.03,49.9,-0.2524,THIN,,,
"ema_cross|metals|4h|swing|f=50,s=200|c1.0",2026-10-02,3,"ema_cross(f=50,s=200)",metals,metals-ALL,4h,swing,"f=50,s=200",ema_cross,SL1.5/TP3.0/swing,x1.0,16,2,37.5,0.0,-0.1182,-1.0322,0.0,-1.0,-34.591,110.8,-0.2848,THIN,,,
"ema_cross|metals|1h|intraday|f=50,s=200|c1.0",2026-10-02,3,"ema_cross(f=50,s=200)",metals,metals-ALL,1h,intraday,"f=50,s=200",ema_cross,SL1.5/TP3.0/intraday,x1.0,30,11,43.3,27.3,0.0449,-0.4853,0.22,-6.0,-0.682,49.9,-0.0766,THIN,,,
"ema_cross|metals|4h|intraday|f=50,s=200|c1.0",2026-10-02,3,"ema_cross(f=50,s=200)",metals,metals-ALL,4h,intraday,"f=50,s=200",ema_cross,SL1.5/TP3.0/intraday,x1.0,16,2,56.2,50.0,0.1068,-0.0419,0.8,-0.4,-0.078,110.8,-0.2859,THIN,,,
"zscore_rev|metals|1h|swing|n=20,z=2.0|c1.0",2026-10-02,3,"zscore_rev(n=20,z=2.0)",metals,metals-ALL,1h,swing,"n=20,z=2.0",zscore_rev,SL1.5/TP3.0/swing,x1.0,298,88,26.8,33.0,-0.2613,-0.078,0.89,-13.7,-0.055,49.9,-0.1628,THIN,,,
"zscore_rev|metals|4h|swing|n=20,z=2.0|c1.0",2026-10-02,3,"zscore_rev(n=20,z=2.0)",metals,metals-ALL,4h,swing,"n=20,z=2.0",zscore_rev,SL1.5/TP3.0/swing,x1.0,117,29,47.0,34.5,0.2234,-0.0834,0.87,-6.4,-0.063,110.8,0.0906,THIN,,,
"zscore_rev|metals|1h|intraday|n=20,z=2.0|c1.0",2026-10-02,3,"zscore_rev(n=20,z=2.0)",metals,metals-ALL,1h,intraday,"n=20,z=2.0",zscore_rev,SL1.5/TP3.0/intraday,x1.0,325,103,37.5,37.9,-0.252,-0.1728,0.68,-18.6,-0.163,49.9,-0.1063,FAIL,,,
"zscore_rev|metals|4h|intraday|n=20,z=2.0|c1.0",2026-10-02,3,"zscore_rev(n=20,z=2.0)",metals,metals-ALL,4h,intraday,"n=20,z=2.0",zscore_rev,SL1.5/TP3.0/intraday,x1.0,124,31,54.0,58.1,0.025,-0.0134,0.94,-2.3,-0.022,110.8,0.096,THIN,,,
"zscore_rev|metals|1h|swing|n=20,z=2.5|c1.0",2026-10-02,3,"zscore_rev(n=20,z=2.5)",metals,metals-ALL,1h,swing,"n=20,z=2.5",zscore_rev,SL1.5/TP3.0/swing,x1.0,193,48,30.6,27.1,-0.1472,-0.2635,0.65,-17.6,-0.203,49.9,-0.1066,THIN,,,
"zscore_rev|metals|4h|swing|n=20,z=2.5|c1.0",2026-10-02,3,"zscore_rev(n=20,z=2.5)",metals,metals-ALL,4h,swing,"n=20,z=2.5",zscore_rev,SL1.5/TP3.0/swing,x1.0,63,20,42.9,35.0,0.1265,-0.1613,0.74,-3.9,-0.133,110.8,-0.1233,THIN,,,
"zscore_rev|metals|1h|intraday|n=20,z=2.5|c1.0",2026-10-02,3,"zscore_rev(n=20,z=2.5)",metals,metals-ALL,1h,intraday,"n=20,z=2.5",zscore_rev,SL1.5/TP3.0/intraday,x1.0,204,54,40.2,37.0,-0.1857,-0.1298,0.76,-12.4,-0.121,49.9,-0.1297,THIN,,,
"zscore_rev|metals|4h|intraday|n=20,z=2.5|c1.0",2026-10-02,3,"zscore_rev(n=20,z=2.5)",metals,metals-ALL,4h,intraday,"n=20,z=2.5",zscore_rev,SL1.5/TP3.0/intraday,x1.0,64,20,53.1,70.0,0.078,0.0528,1.28,-2.4,0.09,110.8,-0.0859,THIN,,,
"zscore_rev|metals|1h|swing|n=50,z=2.0|c1.0",2026-10-02,3,"zscore_rev(n=50,z=2.0)",metals,metals-ALL,1h,swing,"n=50,z=2.0",zscore_rev,SL1.5/TP3.0/swing,x1.0,194,54,34.5,29.6,-0.0141,-0.1361,0.81,-14.4,-0.099,49.9,-0.1989,THIN,,,
"zscore_rev|metals|4h|swing|n=50,z=2.0|c1.0",2026-10-02,3,"zscore_rev(n=50,z=2.0)",metals,metals-ALL,4h,swing,"n=50,z=2.0",zscore_rev,SL1.5/TP3.0/swing,x1.0,47,15,55.3,46.7,0.3517,0.102,1.19,-5.0,0.076,110.8,-0.0557,THIN,,,
"zscore_rev|metals|1h|intraday|n=50,z=2.0|c1.0",2026-10-02,3,"zscore_rev(n=50,z=2.0)",metals,metals-ALL,1h,intraday,"n=50,z=2.0",zscore_rev,SL1.5/TP3.0/intraday,x1.0,205,59,46.3,35.6,-0.0672,-0.0884,0.84,-11.3,-0.078,49.9,-0.1634,THIN,,,
"zscore_rev|metals|4h|intraday|n=50,z=2.0|c1.0",2026-10-02,3,"zscore_rev(n=50,z=2.0)",metals,metals-ALL,4h,intraday,"n=50,z=2.0",zscore_rev,SL1.5/TP3.0/intraday,x1.0,52,16,51.9,56.2,0.0477,0.009,1.06,-1.1,0.018,110.8,0.0895,THIN,,,
"rsi_rev|oil|1h|swing|n=7,os=30|c1.0",2026-10-02,3,"rsi_rev(n=7,os=30)",oil,oil-ALL,1h,swing,"n=7,os=30",rsi_rev,SL1.5/TP3.0/swing,x1.0,462,122,35.9,48.4,-0.0096,0.3604,1.66,-10.3,0.242,19.9,-0.0511,PASS,,,
"rsi_rev|oil|4h|swing|n=7,os=30|c1.0",2026-10-02,3,"rsi_rev(n=7,os=30)",oil,oil-ALL,4h,swing,"n=7,os=30",rsi_rev,SL1.5/TP3.0/swing,x1.0,153,40,34.0,52.5,-0.0824,0.3686,1.85,-4.2,0.274,19.2,0.0191,THIN,,,
"rsi_rev|oil|1h|intraday|n=7,os=30|c1.0",2026-10-02,3,"rsi_rev(n=7,os=30)",oil,oil-ALL,1h,intraday,"n=7,os=30",rsi_rev,SL1.5/TP3.0/intraday,x1.0,561,145,41.2,51.0,-0.0737,0.189,1.54,-4.4,0.176,19.9,-0.0794,PASS,,,
"rsi_rev|oil|4h|intraday|n=7,os=30|c1.0",2026-10-02,3,"rsi_rev(n=7,os=30)",oil,oil-ALL,4h,intraday,"n=7,os=30",rsi_rev,SL1.5/TP3.0/intraday,x1.0,188,49,43.6,57.1,-0.041,-0.0133,0.93,-3.4,-0.025,19.2,0.0069,THIN,,,
"rsi_rev|oil|1h|swing|n=14,os=30|c1.0",2026-10-02,3,"rsi_rev(n=14,os=30)",oil,oil-ALL,1h,swing,"n=14,os=30",rsi_rev,SL1.5/TP3.0/swing,x1.0,180,50,32.2,56.0,-0.1024,0.5819,2.24,-3.3,0.391,19.9,-0.0866,THIN,,,
"rsi_rev|oil|4h|swing|n=14,os=30|c1.0",2026-10-02,3,"rsi_rev(n=14,os=30)",oil,oil-ALL,4h,swing,"n=14,os=30",rsi_rev,SL1.5/TP3.0/swing,x1.0,70,7,34.3,71.4,-0.0523,0.3915,2.29,-1.1,0.32,19.2,0.3186,THIN,,,
"rsi_rev|oil|1h|intraday|n=14,os=30|c1.0",2026-10-02,3,"rsi_rev(n=14,os=30)",oil,oil-ALL,1h,intraday,"n=14,os=30",rsi_rev,SL1.5/TP3.0/intraday,x1.0,189,51,43.4,52.9,-0.0334,0.2534,1.74,-3.7,0.228,19.9,-0.1337,THIN,,,
"rsi_rev|oil|4h|intraday|n=14,os=30|c1.0",2026-10-02,3,"rsi_rev(n=14,os=30)",oil,oil-ALL,4h,intraday,"n=14,os=30",rsi_rev,SL1.5/TP3.0/intraday,x1.0,72,8,52.8,100.0,-0.0033,0.5233,inf,0.0,1.013,19.2,0.1502,THIN,,,
"rsi_rev|oil|1h|swing|n=14,os=20|c1.0",2026-10-02,3,"rsi_rev(n=14,os=20)",oil,oil-ALL,1h,swing,"n=14,os=20",rsi_rev,SL1.5/TP3.0/swing,x1.0,30,8,46.7,37.5,0.3189,0.1664,1.3,-4.5,0.112,19.9,-0.0975,THIN,,,
"rsi_rev|oil|4h|swing|n=14,os=20|c1.0",2026-10-02,3,"rsi_rev(n=14,os=20)",oil,oil-ALL,4h,swing,"n=14,os=20",rsi_rev,SL1.5/TP3.0/swing,x1.0,5,1,40.0,100.0,0.1586,1.9107,inf,0.0,,19.2,0.0788,THIN,,,
"rsi_rev|oil|1h|intraday|n=14,os=20|c1.0",2026-10-02,3,"rsi_rev(n=14,os=20)",oil,oil-ALL,1h,intraday,"n=14,os=20",rsi_rev,SL1.5/TP3.0/intraday,x1.0,30,9,76.7,44.4,0.3257,0.0462,1.14,-2.3,0.045,19.9,-0.0003,THIN,,,
"rsi_rev|oil|4h|intraday|n=14,os=20|c1.0",2026-10-02,3,"rsi_rev(n=14,os=20)",oil,oil-ALL,4h,intraday,"n=14,os=20",rsi_rev,SL1.5/TP3.0/intraday,x1.0,5,1,20.0,100.0,-0.0195,1.639,inf,0.0,,19.2,-0.0588,THIN,,,
"rsi_rev|oil|1h|swing|n=21,os=30|c1.0",2026-10-02,3,"rsi_rev(n=21,os=30)",oil,oil-ALL,1h,swing,"n=21,os=30",rsi_rev,SL1.5/TP3.0/swing,x1.0,93,13,32.3,69.2,-0.0932,1.0046,4.07,-1.1,0.699,19.9,0.0499,THIN,,,
"rsi_rev|oil|4h|swing|n=21,os=30|c1.0",2026-10-02,3,"rsi_rev(n=21,os=30)",oil,oil-ALL,4h,swing,"n=21,os=30",rsi_rev,SL1.5/TP3.0/swing,x1.0,27,2,33.3,50.0,0.0001,0.424,1.8,-1.1,0.202,19.2,0.183,THIN,,,
"rsi_rev|oil|1h|intraday|n=21,os=30|c1.0",2026-10-02,3,"rsi_rev(n=21,os=30)",oil,oil-ALL,1h,intraday,"n=21,os=30",rsi_rev,SL1.5/TP3.0/intraday,x1.0,100,16,50.0,43.8,0.0574,0.3263,2.06,-1.7,0.286,19.9,-0.1265,THIN,,,
"rsi_rev|oil|4h|intraday|n=21,os=30|c1.0",2026-10-02,3,"rsi_rev(n=21,os=30)",oil,oil-ALL,4h,intraday,"n=21,os=30",rsi_rev,SL1.5/TP3.0/intraday,x1.0,28,2,71.4,100.0,0.2368,0.9869,inf,0.0,1.07,19.2,-0.0391,THIN,,,
donch_brk|oil|1h|swing|n=20|c1.0,2026-10-02,3,donch_brk(n=20),oil,oil-ALL,1h,swing,n=20,donch_brk,SL1.5/TP3.0/swing,x1.0,363,139,30.6,33.8,-0.1737,-0.0379,0.95,-23.6,-0.027,19.9,-0.1025,FAIL,,,
donch_brk|oil|4h|swing|n=20|c1.0,2026-10-02,3,donch_brk(n=20),oil,oil-ALL,4h,swing,n=20,donch_brk,SL1.5/TP3.0/swing,x1.0,108,48,33.3,39.6,-0.1501,0.1861,1.32,-4.4,0.127,19.2,-0.0773,THIN,,,
donch_brk|oil|1h|intraday|n=20|c1.0,2026-10-02,3,donch_brk(n=20),oil,oil-ALL,1h,intraday,n=20,donch_brk,SL1.5/TP3.0/intraday,x1.0,455,164,38.9,40.9,-0.0394,-0.0833,0.85,-18.1,-0.072,19.9,-0.0862,FAIL,,,
donch_brk|oil|4h|intraday|n=20|c1.0,2026-10-02,3,donch_brk(n=20),oil,oil-ALL,4h,intraday,n=20,donch_brk,SL1.5/TP3.0/intraday,x1.0,166,62,38.6,59.7,-0.0657,0.1902,1.63,-2.6,0.204,19.2,0.0104,THIN,,,
donch_brk|oil|1h|swing|n=55|c1.0,2026-10-02,3,donch_brk(n=55),oil,oil-ALL,1h,swing,n=55,donch_brk,SL1.5/TP3.0/swing,x1.0,224,89,29.9,33.7,-0.1977,-0.0431,0.94,-15.5,-0.03,19.9,-0.0706,THIN,,,
donch_brk|oil|4h|swing|n=55|c1.0,2026-10-02,3,donch_brk(n=55),oil,oil-ALL,4h,swing,n=55,donch_brk,SL1.5/TP3.0/swing,x1.0,66,29,18.2,31.0,-0.5163,-0.0384,0.94,-5.6,-0.028,19.2,-0.0686,THIN,,,
donch_brk|oil|1h|intraday|n=55|c1.0,2026-10-02,3,donch_brk(n=55),oil,oil-ALL,1h,intraday,n=55,donch_brk,SL1.5/TP3.0/intraday,x1.0,269,102,37.5,43.1,-0.0727,0.0038,1.01,-8.3,0.003,19.9,-0.0778,PASS,,,
donch_brk|oil|4h|intraday|n=55|c1.0,2026-10-02,3,donch_brk(n=55),oil,oil-ALL,4h,intraday,n=55,donch_brk,SL1.5/TP3.0/intraday,x1.0,87,36,35.6,55.6,-0.1242,0.0969,1.26,-2.1,0.101,19.2,-0.0822,THIN,,,
"ema_cross|oil|1h|swing|f=20,s=50|c1.0",2026-10-02,3,"ema_cross(f=20,s=50)",oil,oil-ALL,1h,swing,"f=20,s=50",ema_cross,SL1.5/TP3.0/swing,x1.0,136,62,37.5,33.9,-0.0109,-0.0817,0.88,-11.2,-0.058,19.9,0.021,THIN,,,
"ema_cross|oil|4h|swing|f=20,s=50|c1.0",2026-10-02,3,"ema_cross(f=20,s=50)",oil,oil-ALL,4h,swing,"f=20,s=50",ema_cross,SL1.5/TP3.0/swing,x1.0,52,19,26.9,31.6,-0.3156,-0.1731,0.76,-6.3,-0.127,19.2,-0.1174,THIN,,,
"ema_cross|oil|1h|intraday|f=20,s=50|c1.0",2026-10-02,3,"ema_cross(f=20,s=50)",oil,oil-ALL,1h,intraday,"f=20,s=50",ema_cross,SL1.5/TP3.0/intraday,x1.0,144,64,38.9,40.6,-0.1347,-0.1084,0.77,-8.4,-0.107,19.9,-0.1057,THIN,,,
"ema_cross|oil|4h|intraday|f=20,s=50|c1.0",2026-10-02,3,"ema_cross(f=20,s=50)",oil,oil-ALL,4h,intraday,"f=20,s=50",ema_cross,SL1.5/TP3.0/intraday,x1.0,53,19,41.5,42.1,-0.2089,0.0297,1.1,-2.1,0.039,19.2,-0.0659,THIN,,,
"ema_cross|oil|1h|swing|f=50,s=200|c1.0",2026-10-02,3,"ema_cross(f=50,s=200)",oil,oil-ALL,1h,swing,"f=50,s=200",ema_cross,SL1.5/TP3.0/swing,x1.0,60,19,33.3,21.1,-0.12,-0.4382,0.48,-9.6,-0.349,19.9,-0.165,THIN,,,
"ema_cross|oil|4h|swing|f=50,s=200|c1.0",2026-10-02,3,"ema_cross(f=50,s=200)",oil,oil-ALL,4h,swing,"f=50,s=200",ema_cross,SL1.5/TP3.0/swing,x1.0,14,2,35.7,50.0,-0.0017,0.46,1.89,0.0,0.217,19.2,0.183,THIN,,,
"ema_cross|oil|1h|intraday|f=50,s=200|c1.0",2026-10-02,3,"ema_cross(f=50,s=200)",oil,oil-ALL,1h,intraday,"f=50,s=200",ema_cross,SL1.5/TP3.0/intraday,x1.0,61,19,34.4,36.8,-0.0821,-0.057,0.87,-6.9,-0.054,19.9,-0.1953,THIN,,,
"ema_cross|oil|4h|intraday|f=50,s=200|c1.0",2026-10-02,3,"ema_cross(f=50,s=200)",oil,oil-ALL,4h,intraday,"f=50,s=200",ema_cross,SL1.5/TP3.0/intraday,x1.0,15,2,60.0,50.0,0.0476,0.2812,3.79,0.0,0.412,19.2,-0.0391,THIN,,,
"zscore_rev|oil|1h|swing|n=20,z=2.0|c1.0",2026-10-02,3,"zscore_rev(n=20,z=2.0)",oil,oil-ALL,1h,swing,"n=20,z=2.0",zscore_rev,SL1.5/TP3.0/swing,x1.0,418,105,32.5,45.7,-0.1061,0.2769,1.49,-7.1,0.189,19.9,-0.0565,PASS,,,
"zscore_rev|oil|4h|swing|n=20,z=2.0|c1.0",2026-10-02,3,"zscore_rev(n=20,z=2.0)",oil,oil-ALL,4h,swing,"n=20,z=2.0",zscore_rev,SL1.5/TP3.0/swing,x1.0,121,29,35.5,62.1,-0.078,0.5122,2.48,-2.1,0.398,19.2,-0.0382,THIN,,,
"zscore_rev|oil|1h|intraday|n=20,z=2.0|c1.0",2026-10-02,3,"zscore_rev(n=20,z=2.0)",oil,oil-ALL,1h,intraday,"n=20,z=2.0",zscore_rev,SL1.5/TP3.0/intraday,x1.0,477,119,41.5,47.1,-0.1048,0.0465,1.14,-7.9,0.049,19.9,-0.0517,PASS,,,
"zscore_rev|oil|4h|intraday|n=20,z=2.0|c1.0",2026-10-02,3,"zscore_rev(n=20,z=2.0)",oil,oil-ALL,4h,intraday,"n=20,z=2.0",zscore_rev,SL1.5/TP3.0/intraday,x1.0,127,31,38.6,67.7,-0.0856,0.1287,1.97,-1.3,0.222,19.2,0.0036,THIN,,,
"zscore_rev|oil|1h|swing|n=20,z=2.5|c1.0",2026-10-02,3,"zscore_rev(n=20,z=2.5)",oil,oil-ALL,1h,swing,"n=20,z=2.5",zscore_rev,SL1.5/TP3.0/swing,x1.0,253,55,28.5,43.6,-0.221,0.1402,1.24,-9.1,0.099,19.9,-0.0742,THIN,,,
"zscore_rev|oil|4h|swing|n=20,z=2.5|c1.0",2026-10-02,3,"zscore_rev(n=20,z=2.5)",oil,oil-ALL,4h,swing,"n=20,z=2.5",zscore_rev,SL1.5/TP3.0/swing,x1.0,53,14,35.8,71.4,-0.0353,0.5705,2.91,-3.2,0.458,19.2,0.3283,THIN,,,
"zscore_rev|oil|1h|intraday|n=20,z=2.5|c1.0",2026-10-02,3,"zscore_rev(n=20,z=2.5)",oil,oil-ALL,1h,intraday,"n=20,z=2.5",zscore_rev,SL1.5/TP3.0/intraday,x1.0,268,60,41.4,46.7,-0.1166,-0.0876,0.8,-11.3,-0.092,19.9,-0.0164,THIN,,,
"zscore_rev|oil|4h|intraday|n=20,z=2.5|c1.0",2026-10-02,3,"zscore_rev(n=20,z=2.5)",oil,oil-ALL,4h,intraday,"n=20,z=2.5",zscore_rev,SL1.5/TP3.0/intraday,x1.0,53,15,32.1,80.0,-0.1029,0.0288,1.2,-1.6,0.058,19.2,0.0799,THIN,,,
"zscore_rev|oil|1h|swing|n=50,z=2.0|c1.0",2026-10-02,3,"zscore_rev(n=50,z=2.0)",oil,oil-ALL,1h,swing,"n=50,z=2.0",zscore_rev,SL1.5/TP3.0/swing,x1.0,253,69,29.6,44.9,-0.2034,0.251,1.44,-6.3,0.172,19.9,-0.0154,THIN,,,
"zscore_rev|oil|4h|swing|n=50,z=2.0|c1.0",2026-10-02,3,"zscore_rev(n=50,z=2.0)",oil,oil-ALL,4h,swing,"n=50,z=2.0",zscore_rev,SL1.5/TP3.0/swing,x1.0,80,19,40.0,73.7,0.1162,0.8684,4.14,-3.1,0.669,19.2,-0.1174,THIN,,,
"zscore_rev|oil|1h|intraday|n=50,z=2.0|c1.0",2026-10-02,3,"zscore_rev(n=50,z=2.0)",oil,oil-ALL,1h,intraday,"n=50,z=2.0",zscore_rev,SL1.5/TP3.0/intraday,x1.0,288,77,39.2,42.9,-0.0886,0.071,1.2,-5.0,0.071,19.9,-0.1543,THIN,,,
"zscore_rev|oil|4h|intraday|n=50,z=2.0|c1.0",2026-10-02,3,"zscore_rev(n=50,z=2.0)",oil,oil-ALL,4h,intraday,"n=50,z=2.0",zscore_rev,SL1.5/TP3.0/intraday,x1.0,86,25,45.3,68.0,-0.022,0.1969,4.11,-1.1,0.407,19.2,-0.0305,THIN,,,
"rsi_rev|crypto|1h|swing|n=7,os=30|c1.0",2026-10-02,3,"rsi_rev(n=7,os=30)",crypto,crypto-ALL,1h,swing,"n=7,os=30",rsi_rev,SL1.5/TP3.0/swing,x1.0,821,257,32.5,33.9,-0.1456,-0.1485,0.81,-40.5,-0.106,27.9,-0.0096,FAIL,,,
"rsi_rev|crypto|4h|swing|n=7,os=30|c1.0",2026-10-02,3,"rsi_rev(n=7,os=30)",crypto,crypto-ALL,4h,swing,"n=7,os=30",rsi_rev,SL1.5/TP3.0/swing,x1.0,799,336,36.8,31.2,-0.0442,-0.2213,0.69,-78.4,-0.175,13.0,-0.0712,FAIL,,,
"rsi_rev|crypto|1h|intraday|n=7,os=30|c1.0",2026-10-02,3,"rsi_rev(n=7,os=30)",crypto,crypto-ALL,1h,intraday,"n=7,os=30",rsi_rev,SL1.5/TP3.0/intraday,x1.0,942,295,41.1,36.3,-0.1302,-0.2475,0.59,-74.3,-0.235,27.9,0.0038,FAIL,,,
"rsi_rev|crypto|4h|intraday|n=7,os=30|c1.0",2026-10-02,3,"rsi_rev(n=7,os=30)",crypto,crypto-ALL,4h,intraday,"n=7,os=30",rsi_rev,SL1.5/TP3.0/intraday,x1.0,910,391,47.7,38.1,-0.0821,-0.1355,0.68,-58.7,-0.158,13.0,-0.0674,FAIL,,,
"rsi_rev|crypto|1h|swing|n=14,os=30|c1.0",2026-10-02,3,"rsi_rev(n=14,os=30)",crypto,crypto-ALL,1h,swing,"n=14,os=30",rsi_rev,SL1.5/TP3.0/swing,x1.0,360,85,27.8,42.4,-0.281,0.0867,1.13,-8.9,0.059,27.9,-0.14,THIN,,,
"rsi_rev|crypto|4h|swing|n=14,os=30|c1.0",2026-10-02,3,"rsi_rev(n=14,os=30)",crypto,crypto-ALL,4h,swing,"n=14,os=30",rsi_rev,SL1.5/TP3.0/swing,x1.0,335,155,41.8,34.8,0.0835,-0.1341,0.8,-23.9,-0.105,13.0,-0.0745,FAIL,,,
"rsi_rev|crypto|1h|intraday|n=14,os=30|c1.0",2026-10-02,3,"rsi_rev(n=14,os=30)",crypto,crypto-ALL,1h,intraday,"n=14,os=30",rsi_rev,SL1.5/TP3.0/intraday,x1.0,378,87,38.9,40.2,-0.2005,-0.171,0.64,-18.8,-0.186,27.9,-0.0337,THIN,,,
"rsi_rev|crypto|4h|intraday|n=14,os=30|c1.0",2026-10-02,3,"rsi_rev(n=14,os=30)",crypto,crypto-ALL,4h,intraday,"n=14,os=30",rsi_rev,SL1.5/TP3.0/intraday,x1.0,347,158,54.5,41.8,-0.0074,-0.0672,0.83,-12.6,-0.074,13.0,-0.0461,FAIL,,,
"rsi_rev|crypto|1h|swing|n=14,os=20|c1.0",2026-10-02,3,"rsi_rev(n=14,os=20)",crypto,crypto-ALL,1h,swing,"n=14,os=20",rsi_rev,SL1.5/TP3.0/swing,x1.0,47,8,29.8,50.0,-0.2085,0.1584,1.29,-4.4,0.109,27.9,-0.2259,THIN,,,
"rsi_rev|crypto|4h|swing|n=14,os=20|c1.0",2026-10-02,3,"rsi_rev(n=14,os=20)",crypto,crypto-ALL,4h,swing,"n=14,os=20",rsi_rev,SL1.5/TP3.0/swing,x1.0,70,28,61.4,46.4,0.6282,0.1087,1.21,-4.3,0.085,13.0,0.2348,THIN,,,
"rsi_rev|crypto|1h|intraday|n=14,os=20|c1.0",2026-10-02,3,"rsi_rev(n=14,os=20)",crypto,crypto-ALL,1h,intraday,"n=14,os=20",rsi_rev,SL1.5/TP3.0/intraday,x1.0,47,8,63.8,37.5,0.1671,-0.1054,0.74,-3.1,-0.128,27.9,-0.2163,THIN,,,
"rsi_rev|crypto|4h|intraday|n=14,os=20|c1.0",2026-10-02,3,"rsi_rev(n=14,os=20)",crypto,crypto-ALL,4h,intraday,"n=14,os=20",rsi_rev,SL1.5/TP3.0/intraday,x1.0,72,28,75.0,57.1,0.4663,0.3972,2.13,-1.2,0.331,13.0,0.1015,THIN,,,
"rsi_rev|crypto|1h|swing|n=21,os=30|c1.0",2026-10-02,3,"rsi_rev(n=21,os=30)",crypto,crypto-ALL,1h,swing,"n=21,os=30",rsi_rev,SL1.5/TP3.0/swing,x1.0,168,25,24.4,60.0,-0.3803,0.5801,2.27,-3.6,0.394,27.9,-0.1825,THIN,,,
"rsi_rev|crypto|4h|swing|n=21,os=30|c1.0",2026-10-02,3,"rsi_rev(n=21,os=30)",crypto,crypto-ALL,4h,swing,"n=21,os=30",rsi_rev,SL1.5/TP3.0/swing,x1.0,153,70,51.6,41.4,0.3509,-0.0495,0.91,-8.3,-0.04,13.0,0.0516,THIN,,,
"rsi_rev|crypto|1h|intraday|n=21,os=30|c1.0",2026-10-02,3,"rsi_rev(n=21,os=30)",crypto,crypto-ALL,1h,intraday,"n=21,os=30",rsi_rev,SL1.5/TP3.0/intraday,x1.0,169,25,39.6,48.0,-0.1917,0.005,1.01,-4.3,0.006,27.9,-0.1163,THIN,,,
"rsi_rev|crypto|4h|intraday|n=21,os=30|c1.0",2026-10-02,3,"rsi_rev(n=21,os=30)",crypto,crypto-ALL,4h,intraday,"n=21,os=30",rsi_rev,SL1.5/TP3.0/intraday,x1.0,157,74,62.4,56.8,0.1934,0.0397,1.12,-4.2,0.046,13.0,-0.0334,THIN,,,
donch_brk|crypto|1h|swing|n=20|c1.0,2026-10-02,3,donch_brk(n=20),crypto,crypto-ALL,1h,swing,n=20,donch_brk,SL1.5/TP3.0/swing,x1.0,546,185,33.5,43.2,-0.1183,0.1245,1.19,-12.8,0.083,27.9,-0.0876,PASS,,,
donch_brk|crypto|4h|swing|n=20|c1.0,2026-10-02,3,donch_brk(n=20),crypto,crypto-ALL,4h,swing,n=20,donch_brk,SL1.5/TP3.0/swing,x1.0,700,184,36.4,17.9,0.0026,-0.5427,0.35,-99.6,-0.507,13.0,-0.0221,FAIL,,,
donch_brk|crypto|1h|intraday|n=20|c1.0,2026-10-02,3,donch_brk(n=20),crypto,crypto-ALL,1h,intraday,n=20,donch_brk,SL1.5/TP3.0/intraday,x1.0,610,220,33.4,42.3,-0.1367,0.0678,1.13,-12.0,0.054,27.9,-0.0463,PASS,,,
donch_brk|crypto|4h|intraday|n=20|c1.0,2026-10-02,3,donch_brk(n=20),crypto,crypto-ALL,4h,intraday,n=20,donch_brk,SL1.5/TP3.0/intraday,x1.0,947,234,46.7,32.1,0.0409,-0.1436,0.62,-34.2,-0.189,13.0,-0.0415,FAIL,,,
donch_brk|crypto|1h|swing|n=55|c1.0,2026-10-02,3,donch_brk(n=55),crypto,crypto-ALL,1h,swing,n=55,donch_brk,SL1.5/TP3.0/swing,x1.0,301,118,27.2,42.4,-0.3022,0.1123,1.17,-9.8,0.075,27.9,-0.0692,PASS,,,
donch_brk|crypto|4h|swing|n=55|c1.0,2026-10-02,3,donch_brk(n=55),crypto,crypto-ALL,4h,swing,n=55,donch_brk,SL1.5/TP3.0/swing,x1.0,422,77,37.9,19.5,0.0557,-0.4752,0.44,-38.5,-0.4,13.0,0.1155,THIN,,,
donch_brk|crypto|1h|intraday|n=55|c1.0,2026-10-02,3,donch_brk(n=55),crypto,crypto-ALL,1h,intraday,n=55,donch_brk,SL1.5/TP3.0/intraday,x1.0,333,134,30.0,44.8,-0.2523,0.163,1.35,-8.3,0.131,27.9,-0.0317,PASS,,,
donch_brk|crypto|4h|intraday|n=55|c1.0,2026-10-02,3,donch_brk(n=55),crypto,crypto-ALL,4h,intraday,n=55,donch_brk,SL1.5/TP3.0/intraday,x1.0,560,94,45.9,35.1,0.0743,-0.1446,0.64,-16.4,-0.178,13.0,-0.0412,THIN,,,
"ema_cross|crypto|1h|swing|f=20,s=50|c1.0",2026-10-02,3,"ema_cross(f=20,s=50)",crypto,crypto-ALL,1h,swing,"f=20,s=50",ema_cross,SL1.5/TP3.0/swing,x1.0,275,95,29.1,33.7,-0.2559,-0.1773,0.77,-29.3,-0.125,27.9,-0.0592,THIN,,,
"ema_cross|crypto|4h|swing|f=20,s=50|c1.0",2026-10-02,3,"ema_cross(f=20,s=50)",crypto,crypto-ALL,4h,swing,"f=20,s=50",ema_cross,SL1.5/TP3.0/swing,x1.0,245,106,42.4,25.5,0.1734,-0.3374,0.57,-36.6,-0.27,13.0,-0.0965,FAIL,,,
"ema_cross|crypto|1h|intraday|f=20,s=50|c1.0",2026-10-02,3,"ema_cross(f=20,s=50)",crypto,crypto-ALL,1h,intraday,"f=20,s=50",ema_cross,SL1.5/TP3.0/intraday,x1.0,282,98,33.7,39.8,-0.2084,-0.0642,0.88,-19.0,-0.056,27.9,-0.0247,THIN,,,
"ema_cross|crypto|4h|intraday|f=20,s=50|c1.0",2026-10-02,3,"ema_cross(f=20,s=50)",crypto,crypto-ALL,4h,intraday,"f=20,s=50",ema_cross,SL1.5/TP3.0/intraday,x1.0,247,110,57.5,29.1,0.1292,-0.324,0.35,-35.5,-0.428,13.0,-0.0899,FAIL,,,
"ema_cross|crypto|1h|swing|f=50,s=200|c1.0",2026-10-02,3,"ema_cross(f=50,s=200)",crypto,crypto-ALL,1h,swing,"f=50,s=200",ema_cross,SL1.5/TP3.0/swing,x1.0,82,43,35.4,27.9,-0.0657,-0.3281,0.61,-15.4,-0.243,27.9,-0.0587,THIN,,,
"ema_cross|crypto|4h|swing|f=50,s=200|c1.0",2026-10-02,3,"ema_cross(f=50,s=200)",crypto,crypto-ALL,4h,swing,"f=50,s=200",ema_cross,SL1.5/TP3.0/swing,x1.0,78,27,46.2,18.5,0.245,-0.5059,0.41,-15.3,-0.428,13.0,0.2094,THIN,,,
"ema_cross|crypto|1h|intraday|f=50,s=200|c1.0",2026-10-02,3,"ema_cross(f=50,s=200)",crypto,crypto-ALL,1h,intraday,"f=50,s=200",ema_cross,SL1.5/TP3.0/intraday,x1.0,84,43,29.8,34.9,-0.2509,-0.1911,0.66,-11.5,-0.176,27.9,0.014,THIN,,,
"ema_cross|crypto|4h|intraday|f=50,s=200|c1.0",2026-10-02,3,"ema_cross(f=50,s=200)",crypto,crypto-ALL,4h,intraday,"f=50,s=200",ema_cross,SL1.5/TP3.0/intraday,x1.0,78,27,51.3,33.3,0.1268,-0.1723,0.56,-6.9,-0.249,13.0,0.128,THIN,,,
"zscore_rev|crypto|1h|swing|n=20,z=2.0|c1.0",2026-10-02,3,"zscore_rev(n=20,z=2.0)",crypto,crypto-ALL,1h,swing,"n=20,z=2.0",zscore_rev,SL1.5/TP3.0/swing,x1.0,637,218,33.4,34.4,-0.1185,-0.1355,0.82,-31.9,-0.096,27.9,-0.0238,FAIL,,,
"zscore_rev|crypto|4h|swing|n=20,z=2.0|c1.0",2026-10-02,3,"zscore_rev(n=20,z=2.0)",crypto,crypto-ALL,4h,swing,"n=20,z=2.0",zscore_rev,SL1.5/TP3.0/swing,x1.0,673,269,38.8,34.2,-0.0023,-0.1232,0.82,-44.1,-0.095,13.0,-0.0061,FAIL,,,
"zscore_rev|crypto|1h|intraday|n=20,z=2.0|c1.0",2026-10-02,3,"zscore_rev(n=20,z=2.0)",crypto,crypto-ALL,1h,intraday,"n=20,z=2.0",zscore_rev,SL1.5/TP3.0/intraday,x1.0,712,245,43.3,38.0,-0.1023,-0.22,0.61,-55.0,-0.216,27.9,-0.026,FAIL,,,
"zscore_rev|crypto|4h|intraday|n=20,z=2.0|c1.0",2026-10-02,3,"zscore_rev(n=20,z=2.0)",crypto,crypto-ALL,4h,intraday,"n=20,z=2.0",zscore_rev,SL1.5/TP3.0/intraday,x1.0,721,289,49.0,45.7,-0.0817,-0.0263,0.93,-14.8,-0.028,13.0,-0.0739,FAIL,,,
"zscore_rev|crypto|1h|swing|n=20,z=2.5|c1.0",2026-10-02,3,"zscore_rev(n=20,z=2.5)",crypto,crypto-ALL,1h,swing,"n=20,z=2.5",zscore_rev,SL1.5/TP3.0/swing,x1.0,351,118,32.2,41.5,-0.1482,0.0713,1.11,-10.3,0.049,27.9,-0.056,PASS,,,
"zscore_rev|crypto|4h|swing|n=20,z=2.5|c1.0",2026-10-02,3,"zscore_rev(n=20,z=2.5)",crypto,crypto-ALL,4h,swing,"n=20,z=2.5",zscore_rev,SL1.5/TP3.0/swing,x1.0,366,156,39.6,27.6,0.0204,-0.3174,0.58,-54.1,-0.26,13.0,-0.0141,FAIL,,,
"zscore_rev|crypto|1h|intraday|n=20,z=2.5|c1.0",2026-10-02,3,"zscore_rev(n=20,z=2.5)",crypto,crypto-ALL,1h,intraday,"n=20,z=2.5",zscore_rev,SL1.5/TP3.0/intraday,x1.0,379,123,45.9,40.7,-0.1068,-0.1277,0.77,-15.8,-0.116,27.9,-0.0246,FAIL,,,
"zscore_rev|crypto|4h|intraday|n=20,z=2.5|c1.0",2026-10-02,3,"zscore_rev(n=20,z=2.5)",crypto,crypto-ALL,4h,intraday,"n=20,z=2.5",zscore_rev,SL1.5/TP3.0/intraday,x1.0,369,158,51.2,41.8,-0.0412,-0.0881,0.79,-14.9,-0.1,13.0,-0.0272,FAIL,,,
"zscore_rev|crypto|1h|swing|n=50,z=2.0|c1.0",2026-10-02,3,"zscore_rev(n=50,z=2.0)",crypto,crypto-ALL,1h,swing,"n=50,z=2.0",zscore_rev,SL1.5/TP3.0/swing,x1.0,438,153,27.2,31.4,-0.2964,-0.2168,0.72,-37.8,-0.157,27.9,-0.0713,FAIL,,,
"zscore_rev|crypto|4h|swing|n=50,z=2.0|c1.0",2026-10-02,3,"zscore_rev(n=50,z=2.0)",crypto,crypto-ALL,4h,swing,"n=50,z=2.0",zscore_rev,SL1.5/TP3.0/swing,x1.0,380,162,41.6,37.0,0.0321,-0.0974,0.85,-18.9,-0.075,13.0,-0.1026,FAIL,,,
"zscore_rev|crypto|1h|intraday|n=50,z=2.0|c1.0",2026-10-02,3,"zscore_rev(n=50,z=2.0)",crypto,crypto-ALL,1h,intraday,"n=50,z=2.0",zscore_rev,SL1.5/TP3.0/intraday,x1.0,462,161,41.6,32.9,-0.1688,-0.3048,0.5,-52.8,-0.308,27.9,-0.0033,FAIL,,,
"zscore_rev|crypto|4h|intraday|n=50,z=2.0|c1.0",2026-10-02,3,"zscore_rev(n=50,z=2.0)",crypto,crypto-ALL,4h,intraday,"n=50,z=2.0",zscore_rev,SL1.5/TP3.0/intraday,x1.0,393,168,50.1,47.6,-0.0328,0.0264,1.08,-5.5,0.03,13.0,-0.0498,PASS,,,
